{"precision": 0.71328125, "recall": 0.569557080474111, "f1_score": 0.6333680194242108}